{
    "Version": "2012-10-17",
    "Id": "AWSConsole-AccessLogs-Policy-1614915962618",
    "Statement": [
        {
            "Sid": "AWSConsoleStmt-1614915962618",
            "Effect": "Allow",
            "Principal": {
                "AWS": "arn:aws:iam::127311923021:root"
            },
            "Action": "s3:PutObject",
            "Resource": "arn:aws:s3:::build-a-secure-arch-logging/alb/AWSLogs/515148227241/*"
        },
        {
            "Sid": "AWSLogDeliveryWrite",
            "Effect": "Allow",
            "Principal": {
                "Service": "delivery.logs.amazonaws.com"
            },
            "Action": "s3:PutObject",
            "Resource": "arn:aws:s3:::build-a-secure-arch-logging/alb/AWSLogs/515148227241/*",
            "Condition": {
                "StringEquals": {
                    "s3:x-amz-acl": "bucket-owner-full-control"
                }
            }
        },
        {
            "Sid": "AWSLogDeliveryAclCheck",
            "Effect": "Allow",
            "Principal": {
                "Service": "delivery.logs.amazonaws.com"
            },
            "Action": "s3:GetBucketAcl",
            "Resource": "arn:aws:s3:::build-a-secure-arch-logging"
        }
    ]
}